,timestamp,coordinates,altitude,data_type,speed,motion,battery_level,battery_state,accuracy,wifi
0,2019-07-12T22:30:16Z,"4.361490990367052,52.01030633416696",-3,Point,-1,stationary,1,charging,"65,10",VlinderGR
1,2019-07-12T22:30:25Z,"4.361490990367052,52.01030633416696",-3,Point,-1,stationary,1,charging,"65,10",VlinderGR
2,2019-07-12T22:31:48Z,"4.361567077995265,52.01032545687499",-3,Point,-1,,1,charging,"65,10",VlinderGR
3,2019-07-12T22:32:01Z,"4.3616339134364095,52.010303229449676",-3,Point,-1,stationary,1,charging,"65,10",VlinderGR
4,2019-07-12T22:32:24Z,"4.361498431214425,52.01031123228177",-3,Point,-1,,1,charging,"65,10",VlinderGR
5,2019-07-12T22:32:28Z,"4.361482667868295,52.01031243303916",-3,Point,-1,,1,charging,"65,10",VlinderGR
6,2019-07-12T22:32:30Z,"4.36145661043948,52.01030956426675",-3,Point,-1,,1,charging,"65,10",VlinderGR
7,2019-07-12T22:32:32Z,"4.361506300051102,52.010299726437786",-4,Point,-1,stationary,1,charging,"50,64",VlinderGR
8,2019-07-12T22:32:33Z,"4.361506300051102,52.010299726437786",0,Point,0,stationary,1,charging,"30,4",VlinderGR
9,2019-07-12T22:32:38Z,"4.361506300051102,52.010299726437786",0,Point,0,stationary,1,charging,"10,4",VlinderGR
10,2019-07-12T22:33:10Z,"4.361541504044422,52.01031246693061",0,Point,0,,1,charging,"30,4",VlinderGR
11,2019-07-12T22:33:11Z,"4.36156924814392,52.010315232958654",0,Point,0,stationary,1,charging,"10,4",VlinderGR
12,2019-07-12T22:33:12Z,"4.3616058770607795,52.01031862762944",0,Point,0,stationary,1,charging,"10,4",VlinderGR
13,2019-07-12T22:33:13Z,"4.3616229761432495,52.01032030401007",0,Point,0,,1,charging,"10,4",VlinderGR
14,2019-07-12T22:33:28Z,"4.361560195688495,52.010325123604396",1,Point,0,,1,charging,"10,4",VlinderGR
15,2019-07-12T22:33:30Z,"4.361539995301851,52.01032688380406",1,Point,0,,1,charging,"10,4",VlinderGR
16,2019-07-12T22:33:32Z,"4.361539995301851,52.01032688380406",,Point,,None,,,"None,None",VlinderGR
17,2019-07-12T22:33:38Z,"4.361520633105525,52.01030567758904",3,Point,0,stationary,1,charging,"10,4",VlinderGR
18,2019-07-12T22:36:35Z,"4.361500935633072,52.01027600565181",1,Point,0,walking,1,charging,"30,4",VlinderGR
19,2019-07-12T22:36:41Z,"4.361509820450434,52.01026590545849",1,Point,0,walking,1,charging,"50,4",VlinderGR
20,2019-07-12T22:36:45Z,"4.361506802965292,52.010254422251144",1,Point,1,walking,1,charging,"100,4",VlinderGR
21,2019-07-12T22:36:47Z,"4.361493311072997,52.010243552731815",1,Point,1,walking,1,charging,"200,10",VlinderGR
22,2019-07-12T22:36:49Z,"4.3614813605703935,52.0102359964489",1,Point,0,walking,1,charging,"200,10",VlinderGR
23,2019-07-12T22:36:52Z,"4.361470812158809,52.010221959459784",1,Point,0,walking,1,charging,"200,10",VlinderGR
24,2019-07-12T22:36:53Z,"4.361460581168747,52.01021305822838",1,Point,1,walking,1,charging,"200,10",VlinderGR
25,2019-07-12T22:36:54Z,"4.361447666456447,52.01020288250081",1,Point,1,walking,1,charging,"200,10",VlinderGR
26,2019-07-12T22:36:55Z,"4.361429724312326,52.010190860263286",1,Point,1,walking,1,charging,"200,10",VlinderGR
27,2019-07-12T22:36:56Z,"4.361406819306756,52.01017875369043",1,Point,1,walking,1,charging,"200,10",VlinderGR
28,2019-07-12T22:36:57Z,"4.361228343964126,52.010277565765186",1,Point,1,walking,1,charging,"200,10",VlinderGR
29,2019-07-12T22:36:58Z,"4.361332547214733,52.01019276361092",1,Point,1,stationary,1,charging,"200,10",VlinderGR
30,2019-07-12T22:36:59Z,"4.361446561238162,52.01013915114333",1,Point,1,stationary,1,charging,"200,10",VlinderGR
31,2019-07-12T22:37:00Z,"4.361616207611781,52.01006259734524",1,Point,1,walking,1,charging,"200,10",VlinderGR
32,2019-07-12T22:37:01Z,"4.361752039731095,52.010002905485536",1,Point,2,walking,1,charging,"200,10",VlinderGR
33,2019-07-12T22:37:02Z,"4.3618648886891265,52.00995495909038",1,Point,2,walking,1,charging,"200,10",VlinderGR
34,2019-07-12T22:37:03Z,"4.361959280118083,52.00991538787216",1,Point,2,walking,1,charging,"200,10",VlinderGR
35,2019-07-12T22:37:04Z,"4.36204048239651,52.009881942313946",1,Point,3,walking,1,charging,"200,10",VlinderGR
36,2019-07-12T22:37:05Z,"4.362117048907107,52.009861430067915",1,Point,3,walking,1,charging,"200,10",VlinderGR
37,2019-07-12T22:37:06Z,"4.362192589492299,52.00985160600864",1,Point,3,walking,1,charging,"200,10",VlinderGR
38,2019-07-12T22:37:07Z,"4.362254692056379,52.00984661774859",1,Point,3,walking,1,charging,"200,10",VlinderGR
39,2019-07-12T22:37:08Z,"4.362254294230218,52.00992395139481",1,Point,3,walking,1,charging,"200,10",VlinderGR
40,2019-07-12T22:37:09Z,"4.362259174174406,52.00997758568812",1,Point,3,walking,1,charging,"200,10",VlinderGR
41,2019-07-12T22:37:10Z,"4.362262005113549,52.01000174663295",1,Point,3,walking,1,charging,"200,10",VlinderGR
42,2019-07-12T22:37:11Z,"4.362296034827191,52.009957482430835",1,Point,3,walking,1,charging,"200,10",VlinderGR
43,2019-07-12T22:37:12Z,"4.3622964241052635,52.00994472873368",1,Point,2,walking,1,charging,"200,10",VlinderGR
44,2019-07-12T22:37:13Z,"4.362268649653584,52.009937639884576",1,Point,2,walking,1,charging,"200,10",VlinderGR
45,2019-07-12T22:37:14Z,"4.362137150908629,52.00999348414523",1,Point,1,walking,1,charging,"200,10",VlinderGR
46,2019-07-12T22:37:15Z,"4.362060137204978,52.01001398769084",1,Point,1,walking,1,charging,"200,10",VlinderGR
47,2019-07-12T22:37:16Z,"4.36217073351551,52.00987962545083",2,Point,1,walking,1,charging,"100,4",VlinderGR
48,2019-07-12T22:37:17Z,"4.362262515355239,52.00988607951627",2,Point,2,walking,1,charging,"100,4",VlinderGR
49,2019-07-12T22:37:18Z,"4.362088171769271,52.010029912974694",2,Point,2,stationary,1,charging,"50,4",VlinderGR
50,2019-07-12T22:37:22Z,"4.362098816786299,52.01008087494598",2,Point,0,walking,1,charging,"50,4",VlinderGR
51,2019-07-12T22:37:23Z,"4.362108455974946,52.010095375638464",2,Point,0,walking,1,charging,"50,4",VlinderGR
52,2019-07-12T22:37:24Z,"4.362107953060756,52.010105392012754",2,Point,0,walking,1,charging,"50,4",VlinderGR
53,2019-07-12T22:37:25Z,"4.362128991637716,52.01010036287085",2,Point,0,walking,1,charging,"50,4",VlinderGR
54,2019-07-12T22:37:26Z,"4.362159166489134,52.01012576003746",2,Point,0,stationary,1,charging,"30,4",VlinderGR
55,2019-07-12T22:37:29Z,"4.362105438489804,52.01017353688554",3,Point,0,stationary,1,charging,"30,4",VlinderGR
56,2019-07-12T22:37:46Z,"4.3620349466841315,52.01022043363378",3,Point,0,,1,charging,"30,4",VlinderGR
57,2019-07-12T22:37:47Z,"4.361979207028041,52.010271311786035",2,Point,0,stationary,1,charging,"30,4",VlinderGR
58,2019-07-12T22:37:49Z,"4.3619374651502465,52.01030940753595",2,Point,0,stationary,1,charging,"30,4",VlinderGR
59,2019-07-12T22:38:33Z,"4.361861106012354,52.01029981025682",2,Point,0,,1,charging,"30,4",VlinderGR
60,2019-07-12T22:38:34Z,"4.361833948646078,52.01029302091525",2,Point,1,,1,charging,"30,4",VlinderGR
61,2019-07-12T22:38:35Z,"4.361799582843074,52.01028380082176",2,Point,1,,1,charging,"30,4",VlinderGR
62,2019-07-12T22:38:36Z,"4.3617778737138595,52.01027893931792",2,Point,1,,1,charging,"30,4",VlinderGR
63,2019-07-12T22:38:37Z,"4.361746860672125,52.010273532990375",2,Point,1,stationary,1,charging,"30,4",VlinderGR
64,2019-07-12T22:38:40Z,"4.361719116572627,52.01026255269722",2,Point,0,,1,charging,"30,4",VlinderGR
65,2019-07-12T22:38:41Z,"4.361714506525883,52.01025345833228",2,Point,0,,1,charging,"30,4",VlinderGR
66,2019-07-12T22:38:47Z,"4.361679470170626,52.01023434759305",2,Point,0,,1,charging,"30,4",VlinderGR
67,2019-07-12T22:38:49Z,"4.36165524647046,52.01022583996133",2,Point,1,,1,charging,"30,4",VlinderGR
68,2019-07-12T22:38:50Z,"4.361639069397339,52.010220307905236",2,Point,1,,1,charging,"30,4",VlinderGR
69,2019-07-12T22:38:51Z,"4.361607218165287,52.01021066871659",2,Point,1,,1,charging,"30,4",VlinderGR
70,2019-07-12T22:38:52Z,"4.361591795463451,52.010207776959994",2,Point,1,stationary,1,charging,"30,4",VlinderGR
71,2019-07-12T22:38:54Z,"4.361625239257106,52.010226091418424",2,Point,2,,1,charging,"50,4",VlinderGR
72,2019-07-12T22:38:55Z,"4.361672094095835,52.01024117884413",2,Point,2,,1,charging,"50,4",VlinderGR
73,2019-07-12T22:38:56Z,"4.361712662507185,52.01024650135265",2,Point,2,,1,charging,"50,4",VlinderGR
74,2019-07-12T22:38:57Z,"4.362084819008002,52.01011431873963",2,Point,2,,1,charging,"50,4",VlinderGR
75,2019-07-12T22:38:58Z,"4.362110216174612,52.01009407644347",2,Point,3,,1,charging,"50,4",VlinderGR
76,2019-07-12T22:38:59Z,"4.362292690206656,52.00986592103914",2,Point,5,,1,charging,"50,4",VlinderGR
77,2019-07-12T22:39:00Z,"4.362397715453396,52.00983155523614",2,Point,6,,1,charging,"50,4",VlinderGR
78,2019-07-12T22:39:01Z,"4.362413892526517,52.0098282862939",2,Point,5,,1,charging,"50,4",VlinderGR
79,2019-07-12T22:39:02Z,"4.362324960533867,52.009831094231465",2,Point,4,,1,charging,"100,4",VlinderGR
80,2019-07-12T22:39:03Z,"4.362367875878105,52.009712113115945",1,Point,4,,1,charging,"100,4",VlinderGR
81,2019-07-12T22:39:04Z,"4.362447671596298,52.00968361464516",1,Point,5,,1,charging,"100,4",VlinderGR
82,2019-07-12T22:39:05Z,"4.362188000236044,52.00984450527654",1,Point,5,,1,charging,"100,4",VlinderGR
83,2019-07-12T22:39:06Z,"4.362073335800657,52.00991298542545",1,Point,4,,1,charging,"100,4",VlinderGR
84,2019-07-12T22:39:07Z,"4.361986080188641,52.009927108932295",1,Point,3,,1,charging,"100,4",VlinderGR
85,2019-07-12T22:39:08Z,"4.361927406866441,52.009891904938975",1,Point,3,,1,charging,"100,4",VlinderGR
86,2019-07-12T22:39:09Z,"4.361905530099163,52.00992970732228",1,Point,3,,1,charging,"100,4",VlinderGR
87,2019-07-12T22:39:10Z,"4.361917273257666,52.00990322425261",1,Point,3,,1,charging,"200,10",VlinderGR
88,2019-07-12T22:39:12Z,"4.361915067201191,52.00991627139132",0,Point,2,,1,charging,"200,10",VlinderGR
89,2019-07-12T22:39:13Z,"4.361921004307273,52.009936050993865",0,Point,1,,1,charging,"200,10",VlinderGR
90,2019-07-12T22:39:14Z,"4.361934895327275,52.00994518189286",0,Point,1,stationary,1,charging,"200,10",VlinderGR
91,2019-07-12T22:39:16Z,"4.361938222461742,52.009960940142",0,Point,0,,1,charging,"200,10",VlinderGR
92,2019-07-12T22:39:18Z,"4.361939251495005,52.00997106638298",0,Point,0,,1,charging,"200,10",VlinderGR
93,2019-07-12T22:39:20Z,"4.361939949452855,52.009957986393765",0,Point,1,,1,charging,"200,10",VlinderGR
94,2019-07-12T22:39:21Z,"4.36193776759828,52.009948614932746",0,Point,1,,1,charging,"200,10",VlinderGR
95,2019-07-12T22:39:22Z,"4.361929815430598,52.0099388113875",0,Point,1,,1,charging,"200,10",VlinderGR
96,2019-07-12T22:39:24Z,"4.361917132001191,52.00993281135629",0,Point,0,,1,charging,"200,10",VlinderGR
97,2019-07-12T22:39:25Z,"4.36193127896027,52.00993531428786",0,Point,1,,1,charging,"200,10",VlinderGR
98,2019-07-12T22:39:26Z,"4.361958931400077,52.009940634422236",0,Point,1,,1,charging,"200,10",VlinderGR
99,2019-07-12T22:39:27Z,"4.361989181492815,52.00994437565283",0,Point,0,stationary,1,charging,"100,4",VlinderGR
100,2019-07-12T22:39:28Z,"4.362033018846402,52.00994898569957",0,Point,0,stationary,1,charging,"100,4",VlinderGR
101,2019-07-12T22:39:35Z,"4.36204366386343,52.00997727462278",0,Point,0,,1,charging,"100,4",VlinderGR
102,2019-07-12T22:39:36Z,"4.362032851208339,52.00999718164281",0,Point,0,,1,charging,"100,4",VlinderGR
103,2019-07-12T22:39:37Z,"4.36202069744874,52.01002081860975",0,Point,0,stationary,1,charging,"100,4",VlinderGR
104,2019-07-12T22:39:41Z,"4.361981470141897,52.0100616384782",0,Point,0,,1,charging,"100,4",VlinderGR
105,2019-07-12T22:39:56Z,"4.361930508170614,52.0101004885994",0,Point,0,,1,charging,"100,4",VlinderGR
106,2019-07-12T22:39:58Z,"4.361934280027041,52.01012018607185",0,Point,0,stationary,1,charging,"100,4",VlinderGR
107,2019-07-12T22:40:01Z,"4.361934280027041,52.01012018607185",1,Point,0,stationary,1,charging,"50,4",VlinderGR
108,2019-07-12T22:40:08Z,"4.361934280027041,52.01012018607185",1,Point,0,stationary,1,charging,"30,4",VlinderGR
109,2019-07-12T22:40:24Z,"4.361934280027041,52.01012018607185",3,Point,0,stationary,1,charging,"10,4",VlinderGR
110,2019-07-12T22:40:41Z,"4.361898740757594,52.01015958101676",1,Point,0,stationary,1,charging,"30,4",VlinderGR
111,2019-07-12T22:41:42Z,"4.3618473596911524,52.010192479986706",1,Point,0,stationary,1,charging,"30,4",VlinderGR
112,2019-07-12T22:44:50Z,"4.3618473596911524,52.010192479986706",2,Point,0,stationary,1,charging,"10,4",VlinderGR
113,2019-07-12T22:45:31Z,"4.36178717762638,52.0102188829817",1,Point,0,stationary,1,charging,"30,4",VlinderGR
114,2019-07-12T22:45:32Z,"4.36178717762638,52.0102188829817",2,Point,0,stationary,1,charging,"10,4",VlinderGR
115,2019-07-12T22:46:32Z,"4.361730096865782,52.01024687853829",1,Point,0,stationary,1,charging,"30,4",VlinderGR
116,2019-07-12T22:46:40Z,"4.361730096865782,52.01024687853829",1,Point,0,stationary,1,charging,"10,4",VlinderGR
117,2019-07-22T20:31:17Z,"4.361536170085133,52.01031352558125",-2,Point,-1,,0.5899999737739563,charging,"65,10",VlinderGR
118,2019-07-22T20:31:26Z,"4.361536170085133,52.01031352558125",-2,Point,-1,,0.5899999737739563,charging,"65,10",VlinderGR
119,2019-07-22T20:31:31Z,"4.361535976545586,52.010313550262985",-2,Point,-1,,0.5899999737739563,charging,"78,10",VlinderGR
120,2019-07-22T20:31:32Z,"4.361559142918073,52.01030022464109",-2,Point,-1,,0.5899999737739563,charging,"65,10",VlinderGR
121,2019-07-22T20:31:38Z,"4.361490308156775,52.010275322598666",-2,Point,-1,stationary,0.5899999737739563,charging,"65,10",VlinderGR
122,2019-07-22T20:31:44Z,"4.3615628778975095,52.010300648447135",0,Point,0,stationary,0.6000000238418579,charging,"50,4",VlinderGR
123,2019-07-22T20:31:46Z,"4.3615628778975095,52.010300648447135",1,Point,0,stationary,0.6000000238418579,charging,"30,4",VlinderGR
124,2019-07-22T20:35:35Z,"4.361538402740249,52.0103190467246",1,Point,0,,0.6299999952316284,unplugged,"30,4",VlinderGR
125,2019-07-22T20:35:37Z,"4.361571343619713,52.01030006171391",1,Point,0,,0.6299999952316284,charging,"30,4",VlinderGR
126,2019-07-22T20:35:38Z,"4.361603362489828,52.010275754194716",1,Point,1,,0.6299999952316284,charging,"30,4",VlinderGR
127,2019-07-22T20:35:39Z,"4.361618869010695,52.010255008984366",1,Point,0,,0.6299999952316284,charging,"30,4",VlinderGR
128,2019-07-22T20:35:40Z,"4.361631525684484,52.01026217551158",1,Point,0,,0.6299999952316284,charging,"30,4",VlinderGR
129,2019-07-22T20:35:42Z,"4.361645104367622,52.010244699243465",0,Point,1,,0.6299999952316284,charging,"30,4",VlinderGR
130,2019-07-22T20:35:43Z,"4.361664215106853,52.01022873171792",0,Point,2,stationary,0.6299999952316284,charging,"30,4",VlinderGR
131,2019-07-22T20:35:47Z,"4.361700257290491,52.01023200066016",0,Point,0,,0.6299999952316284,charging,"30,4",VlinderGR
132,2019-07-22T20:35:49Z,"4.361728755761274,52.01022454076634",0,Point,0,,0.6299999952316284,charging,"30,4",VlinderGR
133,2019-07-22T20:35:51Z,"4.361738059673795,52.01021884107218",0,Point,0,,0.6299999952316284,charging,"10,4",VlinderGR
134,2019-07-22T20:35:55Z,"4.3617543205659475,52.01021431484447",0,Point,0,,0.6299999952316284,charging,"10,4",VlinderGR
135,2019-07-22T20:35:59Z,"4.36174074188281,52.01020790268854",0,Point,0,,0.6299999952316284,charging,"30,4",VlinderGR
136,2019-07-22T20:36:01Z,"4.361728504304179,52.010215572129944",0,Point,0,,0.6299999952316284,charging,"30,4",VlinderGR
137,2019-07-22T20:36:03Z,"4.36172070913423,52.01022500177101",0,Point,0,,0.6299999952316284,charging,"30,4",VlinderGR
138,2019-07-22T20:36:04Z,"4.361707130451092,52.01022994709388",0,Point,0,,0.6299999952316284,charging,"30,4",VlinderGR
139,2019-07-22T20:36:06Z,"4.36168458313156,52.010243902962664",0,Point,0,,0.6299999952316284,charging,"30,4",VlinderGR
140,2019-07-22T20:36:07Z,"4.361654995013365,52.01026133732126",0,Point,1,,0.6299999952316284,charging,"30,4",VlinderGR
141,2019-07-22T20:36:08Z,"4.361670250077137,52.010262510787705",0,Point,1,,0.6299999952316284,charging,"30,4",VlinderGR
142,2019-07-22T20:36:15Z,"4.361670250077137,52.010262510787705",0,Point,0,,0.6299999952316284,charging,"10,4",VlinderGR
143,2019-07-22T20:43:08Z,"4.36162347905744,52.010297211866835",0,Point,0,stationary,0.6800000071525574,charging,"10,4",VlinderGR
144,2019-07-22T20:44:10Z,"4.361612917859444,52.01028694403545",0,Point,0,stationary,0.6800000071525574,charging,"10,4",VlinderGR
145,2019-07-22T20:44:12Z,"4.361599255357274,52.01029243418203",0,Point,0,walking,0.6800000071525574,charging,"10,4",VlinderGR
146,2019-07-22T20:44:17Z,"4.361595232043752,52.010279693689206",0,Point,0,stationary,0.6800000071525574,charging,"10,4",VlinderGR
147,2019-07-22T20:44:25Z,"4.361602524299511,52.01029486493395",0,Point,0,walking,0.6800000071525574,charging,"10,4",VlinderGR
148,2019-07-22T20:44:27Z,"4.3616070505272235,52.01030806643144",0,Point,1,stationary,0.6800000071525574,charging,"10,4",VlinderGR
149,2019-07-22T20:44:33Z,"4.36159757897664,52.01029838533328",0,Point,0,walking,0.6800000071525574,charging,"10,4",VlinderGR
150,2019-07-22T20:44:35Z,"4.361587939787992,52.010283255998054",0,Point,0,walking,0.6800000071525574,charging,"10,4",VlinderGR
151,2019-07-22T20:44:46Z,"4.361585928131231,52.01029419438169",0,Point,1,walking,0.6800000071525574,charging,"10,4",VlinderGR
152,2019-07-22T20:44:47Z,"4.361592298377642,52.01030341447518",0,Point,0,walking,0.6800000071525574,charging,"10,4",VlinderGR
153,2019-07-22T20:44:48Z,"4.361598417166957,52.01031213165448",0,Point,0,walking,0.6800000071525574,charging,"10,4",VlinderGR
154,2019-07-22T20:44:49Z,"4.361609229822048,52.01032608752326",0,Point,0,walking,0.6800000071525574,charging,"10,4",VlinderGR
155,2019-07-22T20:44:50Z,"4.3616197072010126,52.01034016912059",0,Point,0,walking,0.6800000071525574,charging,"10,4",VlinderGR
156,2019-07-22T20:44:51Z,"4.361627837647089,52.01035085604713",0,Point,0,walking,0.6800000071525574,charging,"10,4",VlinderGR
157,2019-07-22T20:44:52Z,"4.361637225378641,52.01035915413127",0,Point,0,stationary,0.6800000071525574,charging,"10,4",VlinderGR
158,2019-07-22T20:46:20Z,"4.3616447690914955,52.010375415023425",-1,Point,0,stationary,0.6899999976158142,charging,"10,3",VlinderGR
159,2019-07-22T20:46:25Z,"4.3616477027576055,52.010354083079854",-1,Point,0,,0.6899999976158142,charging,"10,4",VlinderGR
160,2019-07-22T20:56:15Z,"4.361606715251097,52.01032650661842",-1,Point,0,,0.7300000190734863,charging,"10,3",VlinderGR
161,2019-07-22T20:57:05Z,"4.361607721079477,52.010315107230106",-1,Point,0,,0.7400000095367432,charging,"10,4",VlinderGR
162,2019-07-22T21:00:05Z,"4.361558435488829,52.010349724490204",-1,Point,0,walking,0.75,charging,"10,4",VlinderGR
163,2019-07-22T21:01:15Z,"4.361563213173636,52.01033710972593",0,Point,0,walking,0.7599999904632568,charging,"10,3",VlinderGR
164,2019-07-22T21:01:17Z,"4.361547455195674,52.01033430178837",0,Point,0,walking,0.7599999904632568,charging,"10,4",VlinderGR
165,2019-07-22T21:01:23Z,"4.361545443538913,52.01031766371057",0,Point,0,stationary,0.7599999904632568,charging,"10,4",VlinderGR
166,2019-07-22T21:09:00Z,"4.361562710259446,52.01032051355765",0,Point,0,walking,0.7900000214576721,charging,"30,4",VlinderGR
167,2019-07-22T21:09:01Z,"4.361572517086157,52.0103283087276",0,Point,0,stationary,0.7900000214576721,charging,"10,4",VlinderGR
168,2019-07-22T21:09:13Z,"4.36158391647447,52.01030727015064",0,Point,0,walking,0.7900000214576721,charging,"10,4",VlinderGR
169,2019-07-22T21:09:14Z,"4.361597076062449,52.0102868183069",0,Point,1,walking,0.7900000214576721,charging,"10,4",VlinderGR
170,2019-07-22T21:09:15Z,"4.361616689715871,52.01027537700907",0,Point,1,walking,0.7900000214576721,charging,"10,4",VlinderGR
171,2019-07-22T21:09:16Z,"4.3616338726173725,52.01026531872527",0,Point,1,walking,0.7900000214576721,charging,"10,4",VlinderGR
172,2019-07-22T21:09:17Z,"4.361661951992997,52.01024599843846",0,Point,2,walking,0.7900000214576721,charging,"10,4",VlinderGR
173,2019-07-22T21:09:18Z,"4.361691121016034,52.01022529513762",0,Point,2,walking,0.7900000214576721,charging,"10,4",VlinderGR
174,2019-07-22T21:09:19Z,"4.361710231755265,52.010211423087874",0,Point,2,walking,0.7900000214576721,charging,"10,4",VlinderGR
175,2019-07-22T21:09:20Z,"4.3617251515429105,52.01019709003345",0,Point,1,walking,0.7900000214576721,charging,"10,4",VlinderGR
176,2019-07-22T21:09:21Z,"4.361742082987317,52.01018204451726",0,Point,1,walking,0.7900000214576721,charging,"10,4",VlinderGR
177,2019-07-22T21:09:22Z,"4.361784160141238,52.01015279167519",0,Point,3,walking,0.7900000214576721,charging,"30,4",VlinderGR
178,2019-07-22T21:09:23Z,"4.361820118505845,52.01013347138838",0,Point,2,stationary,0.7900000214576721,charging,"30,4",VlinderGR
179,2019-07-22T21:09:24Z,"4.3618222978006695,52.01014365540073",0,Point,2,stationary,0.7900000214576721,charging,"10,4",VlinderGR
180,2019-07-22T21:09:54Z,"4.3618086352985,52.01016461015866",0,Point,0,,0.7900000214576721,charging,"10,4",VlinderGR
181,2019-07-22T21:09:56Z,"4.3617930449586,52.010176009546974",0,Point,0,,0.7900000214576721,charging,"10,4",VlinderGR
182,2019-07-22T21:09:57Z,"4.361783908684143,52.01018376280741",0,Point,0,,0.7900000214576721,charging,"10,4",VlinderGR
183,2019-07-22T21:09:59Z,"4.361760020260104,52.01019348581509",0,Point,0,,0.7900000214576721,charging,"30,4",VlinderGR
184,2019-07-22T21:10:00Z,"4.361743507910856,52.010201197166005",0,Point,1,,0.7900000214576721,charging,"30,4",VlinderGR
185,2019-07-22T21:10:01Z,"4.361726660285481,52.01020811223612",0,Point,1,,0.7900000214576721,charging,"30,4",VlinderGR
186,2019-07-22T21:10:03Z,"4.3617057055275525,52.010221523281196",0,Point,1,,0.7900000214576721,charging,"30,4",VlinderGR
187,2019-07-22T21:10:04Z,"4.361691623930224,52.01023166538403",0,Point,1,,0.7900000214576721,charging,"30,4",VlinderGR
188,2019-07-22T21:10:06Z,"4.36169874854792,52.01022936036066",0,Point,0,,0.7900000214576721,charging,"10,4",VlinderGR
189,2019-07-22T21:12:19Z,"4.361673183743247,52.010238831911245",0,Point,0,,0.800000011920929,charging,"10,4",VlinderGR
190,2019-07-22T21:12:21Z,"4.361665723849424,52.010250985670844",0,Point,0,,0.800000011920929,charging,"10,4",VlinderGR
191,2019-07-22T21:12:22Z,"4.361659688879141,52.01026045722143",0,Point,0,stationary,0.800000011920929,charging,"10,4",VlinderGR
192,2019-07-22T21:12:24Z,"4.361653570089826,52.010270808871844",0,Point,0,,0.800000011920929,charging,"10,4",VlinderGR
193,2019-07-22T21:12:25Z,"4.3616391532163705,52.01027709529922",0,Point,0,,0.800000011920929,charging,"10,4",VlinderGR
194,2019-07-22T21:12:26Z,"4.361612331126222,52.01028543529288",1,Point,1,stationary,0.800000011920929,charging,"30,4",VlinderGR
195,2019-07-22T21:12:27Z,"4.361612331126222,52.01028543529288",1,Point,0,,0.800000011920929,charging,"10,4",VlinderGR
196,2019-07-22T21:12:49Z,"4.361625993628391,52.0102593256645",1,Point,0,,0.800000011920929,charging,"10,3",VlinderGR
197,2019-07-22T21:12:56Z,"4.361633788798341,52.01023937673495",1,Point,0,stationary,0.800000011920929,charging,"10,4",VlinderGR
198,2019-07-22T21:17:56Z,"4.361659437422046,52.01024365150557",0,Point,0,walking,0.8199999928474426,charging,"10,4",VlinderGR
199,2019-07-22T21:18:03Z,"4.361698329452762,52.010225462775686",1,Point,0,walking,0.8199999928474426,charging,"10,4",VlinderGR
200,2019-07-22T21:18:05Z,"4.3616798054467525,52.01023200066016",0,Point,1,walking,0.8199999928474426,charging,"10,4",VlinderGR
201,2019-07-22T21:18:10Z,"4.361653570089826,52.010248429190376",0,Point,0,walking,0.8199999928474426,charging,"10,3",VlinderGR
202,2019-07-22T21:18:12Z,"4.361642589796671,52.01025790074096",0,Point,0,walking,0.8199999928474426,charging,"10,3",VlinderGR
203,2019-07-22T21:18:13Z,"4.361632028598675,52.01026485772059",0,Point,0,walking,0.8199999928474426,charging,"10,3",VlinderGR
204,2019-07-22T21:18:14Z,"4.361618366096505,52.0102741197236",0,Point,0,walking,0.8199999928474426,charging,"10,3",VlinderGR
205,2019-07-22T21:18:16Z,"4.361607888717541,52.01028514192627",0,Point,0,stationary,0.8199999928474426,charging,"10,3",VlinderGR
206,2019-07-22T21:18:19Z,"4.361599339176306,52.010297002319255",0,Point,0,stationary,0.8199999928474426,charging,"10,3",VlinderGR
207,2019-07-22T21:18:24Z,"4.361588442702183,52.01031447858737",1,Point,0,walking,0.8199999928474426,charging,"10,3",VlinderGR
208,2019-07-22T21:18:28Z,"4.36158634722639,52.01032629707084",2,Point,0,walking,0.8199999928474426,charging,"10,3",VlinderGR
209,2019-07-22T21:18:32Z,"4.361580815170297,52.010335056159654",1,Point,0,stationary,0.8199999928474426,charging,"10,4",VlinderGR
210,2019-07-22T21:43:42Z,"4.361556340013036,52.010332206312576",2,Point,0,walking,0.9200000166893005,charging,"10,3",VlinderGR
211,2019-07-22T21:43:51Z,"4.361566649753937,52.01032156129555",2,Point,0,,0.9200000166893005,charging,"10,4",VlinderGR
212,2019-07-22T21:43:52Z,"4.361574864019045,52.0103137661256",2,Point,0,,0.9200000166893005,charging,"10,4",VlinderGR
213,2019-07-22T21:43:53Z,"4.361582743008026,52.0103032049276",2,Point,1,,0.9200000166893005,charging,"30,4",VlinderGR
214,2019-07-22T21:43:54Z,"4.361589364711532,52.01027927459405",2,Point,1,,0.9200000166893005,charging,"30,4",VlinderGR
215,2019-07-22T21:43:55Z,"4.3615858443121995,52.010261085864165",3,Point,1,,0.9200000166893005,charging,"30,4",VlinderGR
216,2019-07-22T21:43:56Z,"4.361574193466791,52.010245914619425",3,Point,1,,0.9200000166893005,charging,"30,4",VlinderGR
217,2019-07-22T21:43:57Z,"4.361574193466791,52.010245914619425",2,Point,0,,0.9200000166893005,charging,"10,4",VlinderGR
218,2019-07-22T21:43:58Z,"4.361596992243418,52.01022726488487",2,Point,0,,0.9200000166893005,charging,"10,4",VlinderGR
219,2019-07-22T21:44:00Z,"4.361602524299511,52.010216871324936",3,Point,1,stationary,0.9200000166893005,charging,"10,3",VlinderGR
220,2019-07-22T21:44:01Z,"4.361615432430395,52.010206352036455",3,Point,1,stationary,0.9200000166893005,charging,"10,3",VlinderGR
221,2019-07-22T21:55:10Z,"4.361625574533233,52.01022571423278",2,Point,0,walking,0.9399999976158142,charging,"10,4",VlinderGR
222,2019-07-22T21:55:12Z,"4.361625071619042,52.01023937673495",2,Point,0,walking,0.9399999976158142,charging,"10,4",VlinderGR
223,2019-07-22T21:55:14Z,"4.361645104367622,52.01025023129956",2,Point,0,walking,0.9399999976158142,charging,"10,4",VlinderGR
224,2019-07-22T21:55:15Z,"4.361659102145919,52.01026770756767",2,Point,1,walking,0.9399999976158142,charging,"30,4",VlinderGR
225,2019-07-22T21:55:16Z,"4.36166111380268,52.01029880442844",2,Point,2,walking,0.9399999976158142,charging,"30,4",VlinderGR
226,2019-07-22T21:55:17Z,"4.361662790183314,52.01031833426283",2,Point,2,walking,0.9399999976158142,charging,"30,4",VlinderGR
227,2019-07-22T21:55:19Z,"4.361635297540912,52.01029809196667",1,Point,1,walking,0.9399999976158142,charging,"30,4",VlinderGR
228,2019-07-22T21:55:20Z,"4.361605625603684,52.01027441309021",1,Point,1,walking,0.9399999976158142,charging,"30,4",VlinderGR
229,2019-07-22T21:55:21Z,"4.361593471844086,52.01024465733395",2,Point,2,walking,0.9399999976158142,charging,"30,4",VlinderGR
230,2019-07-22T21:55:22Z,"4.361580312256106,52.01022211001442",1,Point,2,walking,0.9399999976158142,charging,"50,4",VlinderGR
231,2019-07-22T21:55:23Z,"4.361557178203353,52.010197844404736",2,Point,2,walking,0.9399999976158142,charging,"30,4",VlinderGR
232,2019-07-22T21:55:24Z,"4.361538654197344,52.01020052661375",2,Point,1,walking,0.9399999976158142,charging,"50,4",VlinderGR
233,2019-07-22T21:55:25Z,"4.361513759944924,52.01022089463846",2,Point,1,walking,0.9399999976158142,charging,"30,4",VlinderGR
234,2019-07-22T21:55:26Z,"4.361515939239749,52.010231455836454",2,Point,1,walking,0.9399999976158142,charging,"50,4",VlinderGR
235,2019-07-22T21:55:27Z,"4.361510993916878,52.01024997984246",2,Point,1,walking,0.9399999976158142,charging,"30,4",VlinderGR
236,2019-07-22T21:55:29Z,"4.3615175318013515,52.01026691128687",2,Point,1,walking,0.9399999976158142,charging,"30,4",VlinderGR
237,2019-07-22T21:55:30Z,"4.361509988088497,52.010287405040124",2,Point,1,walking,0.9399999976158142,charging,"30,4",VlinderGR
238,2019-07-22T21:55:31Z,"4.361494313929566,52.01030936562643",2,Point,1,walking,0.9399999976158142,charging,"30,4",VlinderGR
239,2019-07-22T21:55:32Z,"4.361481238160619,52.010326548527935",2,Point,1,walking,0.9399999976158142,charging,"30,4",VlinderGR
240,2019-07-22T21:55:34Z,"4.361519375820049,52.01031829235331",2,Point,1,stationary,0.9399999976158142,charging,"30,4",VlinderGR
241,2019-07-22T21:55:35Z,"4.361540665854105,52.01030957517401",2,Point,0,stationary,0.9399999976158142,charging,"30,4",VlinderGR
242,2019-07-22T21:55:42Z,"4.361540665854105,52.01030957517401",3,Point,0,stationary,0.9399999976158142,charging,"10,3",VlinderGR
243,2019-07-22T21:55:46Z,"4.3615902867208804,52.01027642474697",3,Point,0,stationary,0.9399999976158142,charging,"10,3",VlinderGR
244,2019-07-22T21:55:51Z,"4.3616011831950035,52.01026607309655",3,Point,0,walking,0.9399999976158142,charging,"10,3",VlinderGR
245,2019-07-22T21:55:53Z,"4.361620461572298,52.01026971922443",3,Point,1,walking,0.9399999976158142,charging,"10,3",VlinderGR
246,2019-07-22T21:55:55Z,"4.3616197072010126,52.01028107670323",3,Point,1,stationary,0.9399999976158142,charging,"10,3",VlinderGR
247,2019-07-22T21:56:04Z,"4.36166111380268,52.010252997327605",3,Point,0,walking,0.9399999976158142,charging,"10,3",VlinderGR
248,2019-07-22T21:56:07Z,"4.361650552604684,52.010246207986036",3,Point,1,walking,0.9399999976158142,charging,"10,3",VlinderGR
249,2019-07-22T21:56:09Z,"4.361636387188324,52.010236820254484",3,Point,1,walking,0.9399999976158142,charging,"10,3",VlinderGR
250,2019-07-22T21:56:11Z,"4.361643930901178,52.010226678151646",3,Point,0,walking,0.9399999976158142,charging,"30,3",VlinderGR
251,2019-07-22T21:56:12Z,"4.36166161671687,52.01021502730624",3,Point,1,walking,0.9399999976158142,charging,"30,4",VlinderGR
252,2019-07-22T21:56:13Z,"4.361680475999006,52.010208782788375",3,Point,1,walking,0.9399999976158142,charging,"30,3",VlinderGR
253,2019-07-22T21:56:14Z,"4.361694641415366,52.01020962097869",3,Point,1,walking,0.9399999976158142,charging,"10,3",VlinderGR
254,2019-07-22T21:56:15Z,"4.361714171249756,52.01020237063245",3,Point,1,walking,0.9399999976158142,charging,"30,3",VlinderGR
255,2019-07-22T21:56:16Z,"4.361732192341575,52.01019348581509",3,Point,1,walking,0.9399999976158142,charging,"30,3",VlinderGR
256,2019-07-22T21:56:17Z,"4.361745603386649,52.01018908531592",3,Point,1,stationary,0.9399999976158142,charging,"30,4",VlinderGR
257,2019-07-22T21:56:20Z,"4.361753985289821,52.01018041004614",3,Point,0,walking,0.9399999976158142,charging,"30,4",VlinderGR
258,2019-07-22T21:56:22Z,"4.361767061058768,52.01017177668587",2,Point,1,walking,0.9399999976158142,charging,"30,4",VlinderGR
259,2019-07-22T21:56:24Z,"4.361744429920205,52.01017563236133",2,Point,0,stationary,0.9399999976158142,charging,"30,4",VlinderGR
260,2019-07-22T21:56:27Z,"4.361669579524883,52.010195832747975",2,Point,0,walking,0.9399999976158142,charging,"30,4",VlinderGR
261,2019-07-22T21:56:28Z,"4.361669579524883,52.010195832747975",2,Point,0,walking,0.9399999976158142,charging,"10,3",VlinderGR
262,2019-07-22T21:56:29Z,"4.3616191204677905,52.01021423102544",2,Point,0,,0.9399999976158142,charging,"10,3",VlinderGR
263,2019-07-22T21:56:30Z,"4.3615943938534345,52.010223660666504",2,Point,0,stationary,0.9399999976158142,charging,"10,3",VlinderGR
264,2019-07-22T21:56:31Z,"4.3615749478380765,52.01022596568988",3,Point,0,,0.9399999976158142,charging,"10,3",VlinderGR
265,2019-07-22T21:56:32Z,"4.36154921539534,52.01021825433896",3,Point,1,,0.9399999976158142,charging,"10,3",VlinderGR
266,2019-07-22T21:56:33Z,"4.361522141848096,52.01020014942811",3,Point,1,,0.9399999976158142,charging,"10,3",VlinderGR
267,2019-07-22T21:56:34Z,"4.361505629498848,52.010186235468844",3,Point,1,,0.9399999976158142,charging,"10,3",VlinderGR
268,2019-07-22T21:56:35Z,"4.361490290616044,52.01017567427085",3,Point,0,,0.9399999976158142,charging,"10,3",VlinderGR
269,2019-07-22T21:56:36Z,"4.361470006410369,52.01016398151592",3,Point,1,,0.9399999976158142,charging,"10,3",VlinderGR
270,2019-07-22T21:56:37Z,"4.361448381100186,52.01015488715098",3,Point,1,,0.9399999976158142,charging,"10,3",VlinderGR
271,2019-07-22T21:56:38Z,"4.361426169056782,52.01014407449589",2,Point,1,,0.9399999976158142,charging,"10,4",VlinderGR
272,2019-07-22T21:56:39Z,"4.36140898615528,52.01013397430257",2,Point,1,,0.949999988079071,charging,"10,4",VlinderGR
273,2019-07-22T21:56:40Z,"4.361396580938586,52.0101176715009",1,Point,1,,0.949999988079071,charging,"10,4",VlinderGR
274,2019-07-22T21:56:41Z,"4.361393060539254,52.010105392012754",1,Point,1,,0.949999988079071,charging,"10,4",VlinderGR
275,2019-07-22T21:56:42Z,"4.361401442442426,52.010094160262504",1,Point,1,,0.949999988079071,charging,"10,4",VlinderGR
276,2019-07-22T21:56:43Z,"4.361412925649771,52.01008774810658",1,Point,1,,0.949999988079071,charging,"30,4",VlinderGR
277,2019-07-22T21:56:44Z,"4.361429354179987,52.01008108449356",1,Point,1,,0.949999988079071,charging,"10,4",VlinderGR
278,2019-07-22T21:56:45Z,"4.361448297281155,52.01007416942344",1,Point,1,,0.949999988079071,charging,"10,4",VlinderGR
279,2019-07-22T21:56:46Z,"4.361467240382322,52.01006260239706",1,Point,1,stationary,0.949999988079071,charging,"10,4",VlinderGR
280,2019-07-22T21:56:47Z,"4.361482411627063,52.01005598069356",1,Point,1,,0.949999988079071,charging,"10,4",VlinderGR
281,2019-07-22T21:56:48Z,"4.361496996138581,52.01005568732695",1,Point,1,stationary,0.949999988079071,charging,"10,4",VlinderGR
282,2019-07-22T21:56:52Z,"4.361514681954273,52.01005841144548",1,Point,1,,0.949999988079071,charging,"10,4",VlinderGR
283,2019-07-22T21:56:53Z,"4.361525829885491,52.01006570370124",1,Point,0,,0.949999988079071,charging,"10,4",VlinderGR
284,2019-07-22T21:56:55Z,"4.361538654197344,52.01008062348888",1,Point,0,,0.949999988079071,charging,"30,4",VlinderGR
285,2019-07-22T21:56:56Z,"4.361539240930566,52.0100925677009",1,Point,0,,0.949999988079071,charging,"10,4",VlinderGR
286,2019-07-22T21:56:57Z,"4.361532786865124,52.010105182465175",1,Point,1,,0.949999988079071,charging,"10,4",VlinderGR
287,2019-07-22T21:56:58Z,"4.3615222256671276,52.01011192989723",1,Point,1,,0.949999988079071,charging,"10,4",VlinderGR
288,2019-07-22T21:57:00Z,"4.361511077735909,52.010117922957996",1,Point,1,,0.949999988079071,charging,"30,4",VlinderGR
289,2019-07-22T21:57:05Z,"4.361505964774975,52.01012114999072",1,Point,0,,0.949999988079071,charging,"10,4",VlinderGR
290,2019-07-22T21:57:07Z,"4.361479897056111,52.01013850053028",1,Point,1,,0.949999988079071,charging,"10,4",VlinderGR
291,2019-07-22T21:57:08Z,"4.361467324201354,52.01014633760975",1,Point,1,,0.949999988079071,charging,"10,4",VlinderGR
292,2019-07-22T21:57:09Z,"4.361455589536914,52.01015924574063",1,Point,1,,0.949999988079071,charging,"10,4",VlinderGR
293,2019-07-22T21:57:10Z,"4.361439077187666,52.01016888492928",1,Point,1,,0.949999988079071,charging,"10,4",VlinderGR
294,2019-07-22T21:57:11Z,"4.36142072081972,52.01017705728487",1,Point,0,,0.949999988079071,charging,"10,4",VlinderGR
295,2019-07-22T21:57:15Z,"4.361428935084828,52.01018464290724",0,Point,0,stationary,0.949999988079071,charging,"10,4",VlinderGR
296,2019-07-22T21:57:18Z,"4.361447626728901,52.010189546320596",0,Point,0,,0.949999988079071,charging,"10,4",VlinderGR
297,2019-07-22T21:57:23Z,"4.3614607024978485,52.01018191878871",0,Point,0,stationary,0.949999988079071,charging,"10,4",VlinderGR
298,2019-07-22T21:57:26Z,"4.361496074129232,52.01018334371225",0,Point,0,stationary,0.949999988079071,charging,"10,4",VlinderGR
299,2019-07-22T21:57:27Z,"4.361497582871803,52.01019600038604",0,Point,1,,0.949999988079071,charging,"10,4",VlinderGR
300,2019-07-22T21:57:40Z,"4.36151744798232,52.01018740893529",0,Point,0,,0.949999988079071,charging,"10,4",VlinderGR
301,2019-07-22T21:57:41Z,"4.361532283950933,52.01019134842978",-1,Point,1,,0.949999988079071,charging,"10,4",VlinderGR
302,2019-07-22T21:57:42Z,"4.3615496344904985,52.01019436591492",-1,Point,1,,0.949999988079071,charging,"10,4",VlinderGR
303,2019-07-22T22:02:22Z,"4.361580396075138,52.01022110418604",-1,Point,0,walking,0.949999988079071,unplugged,"10,4",VlinderGR
304,2019-07-22T22:02:25Z,"4.361600009728559,52.01021716469155",-1,Point,1,walking,0.949999988079071,unplugged,"10,4",VlinderGR
305,2019-07-22T22:02:27Z,"4.361601434652099,52.01020681304113",-1,Point,0,walking,0.949999988079071,unplugged,"10,4",VlinderGR
306,2019-07-22T22:02:28Z,"4.361600345004686,52.010195036467174",-1,Point,1,walking,0.949999988079071,unplugged,"10,4",VlinderGR
307,2019-07-22T22:02:29Z,"4.361605122689494,52.01018070341275",-1,Point,1,walking,0.949999988079071,unplugged,"10,4",VlinderGR
308,2019-07-22T22:02:30Z,"4.361611828212031,52.01017056130991",0,Point,1,walking,0.949999988079071,unplugged,"10,4",VlinderGR
309,2019-07-22T22:02:32Z,"4.361588610340246,52.01017060321943",-1,Point,1,walking,0.949999988079071,unplugged,"30,4",VlinderGR
310,2019-07-22T22:02:33Z,"4.361568074677476,52.01017705728487",-1,Point,0,walking,0.949999988079071,unplugged,"10,4",VlinderGR
311,2019-07-22T22:02:34Z,"4.361555250365623,52.01018342753128",-1,Point,0,walking,0.949999988079071,unplugged,"10,4",VlinderGR
312,2019-07-22T22:02:35Z,"4.361542342234739,52.01018912722544",0,Point,0,walking,0.949999988079071,unplugged,"10,4",VlinderGR
313,2019-07-22T22:02:37Z,"4.361526835713872,52.01019424018637",0,Point,0,walking,0.949999988079071,unplugged,"10,4",VlinderGR
314,2019-07-22T22:02:40Z,"4.361503114927896,52.010195036467174",0,Point,0,walking,0.949999988079071,unplugged,"10,4",VlinderGR
315,2019-07-22T22:02:42Z,"4.3614928051869954,52.010206771131614",0,Point,0,walking,0.949999988079071,unplugged,"10,4",VlinderGR
316,2019-07-22T22:02:43Z,"4.361494900662788,52.01021611695365",0,Point,1,walking,0.949999988079071,unplugged,"10,4",VlinderGR
317,2019-07-22T22:02:45Z,"4.361493140463122,52.01022634287552",0,Point,0,walking,0.949999988079071,unplugged,"30,4",VlinderGR
318,2019-07-22T22:02:47Z,"4.361479310322889,52.010231539655486",0,Point,0,walking,0.949999988079071,unplugged,"30,4",VlinderGR
319,2019-07-22T22:02:49Z,"4.3614624626975145,52.01023573060707",0,Point,1,walking,0.949999988079071,unplugged,"30,4",VlinderGR
320,2019-07-22T22:02:51Z,"4.361450644214043,52.01024595652894",0,Point,1,walking,0.949999988079071,unplugged,"50,4",VlinderGR
321,2019-07-22T22:02:53Z,"4.361427342523226,52.01025718827919",0,Point,1,walking,0.949999988079071,unplugged,"50,4",VlinderGR
322,2019-07-22T22:02:54Z,"4.361416110772976,52.01026334897802",0,Point,1,walking,0.949999988079071,unplugged,"100,4",VlinderGR
323,2019-07-22T22:02:56Z,"4.361402867365965,52.01027642474697",0,Point,1,walking,0.949999988079071,unplugged,"100,4",VlinderGR
324,2019-07-22T22:02:58Z,"4.361391584035333,52.010286547278085",0,Point,1,walking,0.949999988079071,unplugged,"200,10",VlinderGR
325,2019-07-22T22:02:59Z,"4.361385097731241,52.01029595458136",0,Point,1,walking,0.949999988079071,unplugged,"100,4",VlinderGR
326,2019-07-22T22:03:00Z,"4.361387109388002,52.010317747529605",0,Point,1,walking,0.949999988079071,unplugged,"100,4",VlinderGR
327,2019-07-22T22:03:01Z,"4.361388618130573,52.01033916329221",0,Point,1,walking,0.949999988079071,unplugged,"100,4",VlinderGR
328,2019-07-22T22:03:02Z,"4.361380326082504,52.010353816814906",0,Point,1,walking,0.949999988079071,unplugged,"200,10",VlinderGR
329,2019-07-22T22:03:03Z,"4.361369869140076,52.01037110109852",0,Point,1,walking,0.949999988079071,unplugged,"200,10",VlinderGR
330,2019-07-22T22:03:04Z,"4.361356975235519,52.010388871979245",0,Point,1,walking,0.949999988079071,unplugged,"200,10",VlinderGR
331,2019-07-22T22:03:05Z,"4.3613427622422,52.01040640832654",0,Point,1,walking,0.949999988079071,unplugged,"200,10",VlinderGR
332,2019-07-22T22:03:06Z,"4.361330866817721,52.01040823017434",0,Point,1,stationary,0.949999988079071,unplugged,"100,4",VlinderGR
333,2019-07-22T22:03:17Z,"4.3613452852296035,52.010404317718795",0,Point,0,walking,0.949999988079071,unplugged,"200,10",VlinderGR
334,2019-07-22T22:03:23Z,"4.361370303941589,52.01046464704658",0,Point,0,walking,0.949999988079071,unplugged,"200,10",VlinderGR
335,2019-07-22T22:03:24Z,"4.361377943039806,52.010472461290924",0,Point,0,walking,0.949999988079071,unplugged,"200,10",VlinderGR
336,2019-07-22T22:03:25Z,"4.361386971270905,52.01049118948648",0,Point,0,walking,0.949999988079071,unplugged,"200,10",VlinderGR
337,2019-07-22T22:03:26Z,"4.361395111796472,52.01051102381178",0,Point,0,walking,0.949999988079071,unplugged,"200,10",VlinderGR
338,2019-07-22T22:03:27Z,"4.361398145677374,52.01053156589628",0,Point,0,walking,0.949999988079071,unplugged,"200,10",VlinderGR
339,2019-07-22T22:03:28Z,"4.361393758470226,52.01054962914206",0,Point,0,walking,0.949999988079071,unplugged,"200,10",VlinderGR
340,2019-07-22T22:03:29Z,"4.3613849740541974,52.01056481112199",0,Point,0,walking,0.949999988079071,unplugged,"200,10",VlinderGR
341,2019-07-22T22:03:31Z,"4.361368859068552,52.01057010473127",0,Point,0,walking,0.949999988079071,unplugged,"200,10",VlinderGR
342,2019-07-22T22:03:33Z,"4.361338472384088,52.010571954506574",0,Point,1,walking,0.949999988079071,unplugged,"200,10",VlinderGR
343,2019-07-22T22:03:34Z,"4.3613177044609985,52.01056447240172",0,Point,1,walking,0.949999988079071,unplugged,"200,10",VlinderGR
344,2019-07-22T22:03:35Z,"4.361296341101849,52.010549612662984",0,Point,1,walking,0.949999988079071,unplugged,"200,10",VlinderGR
345,2019-07-22T22:03:36Z,"4.361290633682498,52.01049858709053",0,Point,2,walking,0.949999988079071,unplugged,"50,3",VlinderGR
346,2019-07-22T22:03:37Z,"4.36130831949819,52.010474782485524",0,Point,2,walking,0.949999988079071,unplugged,"30,3",VlinderGR
347,2019-07-22T22:03:38Z,"4.361365819353947,52.01046581384913",0,Point,2,walking,0.949999988079071,unplugged,"30,3",VlinderGR
348,2019-07-22T22:03:39Z,"4.361405633394011,52.01047348329053",0,Point,1,walking,0.949999988079071,unplugged,"30,3",VlinderGR
349,2019-07-22T22:03:40Z,"4.361427091066131,52.0104726031907",0,Point,1,walking,0.949999988079071,unplugged,"30,3",VlinderGR
350,2019-07-22T22:03:42Z,"4.361393060539254,52.01046560430155",0,Point,1,walking,0.949999988079071,unplugged,"30,3",VlinderGR
351,2019-07-22T22:03:43Z,"4.361359784383663,52.0104665263109",0,Point,1,walking,0.949999988079071,unplugged,"30,3",VlinderGR
352,2019-07-22T22:03:44Z,"4.361319383610376,52.010475285399714",0,Point,1,stationary,0.949999988079071,unplugged,"30,3",VlinderGR
353,2019-07-22T22:03:45Z,"4.361301111061462,52.01048152991758",0,Point,0,stationary,0.949999988079071,unplugged,"10,3",VlinderGR
354,2019-07-22T22:03:49Z,"4.36129415408183,52.01050261040405",0,Point,0,walking,0.949999988079071,unplugged,"10,3",VlinderGR
355,2019-07-22T22:03:55Z,"4.361310666431078,52.010498964276174",0,Point,0,stationary,0.949999988079071,unplugged,"10,3",VlinderGR
356,2019-07-22T22:03:59Z,"4.361311001707205,52.01048907363043",0,Point,0,walking,0.949999988079071,unplugged,"10,3",VlinderGR
357,2019-07-22T22:04:01Z,"4.361291807148942,52.01048593041674",0,Point,0,walking,0.949999988079071,unplugged,"10,3",VlinderGR
358,2019-07-22T22:04:03Z,"4.3612710200290765,52.01048756488786",0,Point,0,stationary,0.949999988079071,unplugged,"10,3",VlinderGR
359,2019-07-22T22:04:05Z,"4.361272947866806,52.01047423766182",0,Point,1,,0.949999988079071,unplugged,"30,3",VlinderGR
360,2019-07-22T22:04:06Z,"4.361424576495179,52.01063869060204",0,Point,2,,0.949999988079071,unplugged,"30,3",VlinderGR
361,2019-07-22T22:04:07Z,"4.361354587603697,52.01064296537266",0,Point,2,,0.949999988079071,unplugged,"30,3",VlinderGR
362,2019-07-22T22:04:08Z,"4.361328268427738,52.010636553216735",0,Point,2,,0.949999988079071,unplugged,"30,4",VlinderGR
363,2019-07-22T22:04:09Z,"4.3613340519409265,52.010620962876835",0,Point,0,,0.949999988079071,unplugged,"30,4",VlinderGR
364,2019-07-22T22:04:10Z,"4.361311588440427,52.010619663681844",0,Point,1,,0.949999988079071,unplugged,"30,4",VlinderGR
365,2019-07-22T22:04:11Z,"4.361278479922899,52.01061920267717",0,Point,1,,0.949999988079071,unplugged,"30,4",VlinderGR
366,2019-07-22T22:04:12Z,"4.361247215424069,52.01061811302976",0,Point,1,,0.949999988079071,unplugged,"30,4",VlinderGR
367,2019-07-22T22:04:13Z,"4.3612286075990285,52.01061333534495",0,Point,1,,0.949999988079071,unplugged,"30,4",VlinderGR
368,2019-07-22T22:04:14Z,"4.361215448011049,52.0106073841937",0,Point,1,stationary,0.949999988079071,unplugged,"30,4",VlinderGR
369,2019-07-22T22:04:19Z,"4.361227937046775,52.01057922099904",0,Point,0,,0.949999988079071,unplugged,"30,4",VlinderGR
370,2019-07-22T22:04:24Z,"4.3612032942514505,52.010564720306554",0,Point,1,,0.949999988079071,unplugged,"50,4",VlinderGR
371,2019-07-22T22:04:25Z,"4.361185776073822,52.01056610332058",0,Point,1,,0.949999988079071,unplugged,"50,4",VlinderGR
372,2019-07-22T22:04:26Z,"4.36116465367783,52.01056970753894",0,Point,1,,0.949999988079071,unplugged,"50,4",VlinderGR
373,2019-07-22T22:04:27Z,"4.3611420225392665,52.01057335366682",0,Point,1,,0.949999988079071,unplugged,"50,4",VlinderGR
374,2019-07-22T22:04:28Z,"4.361119307581672,52.0105777960755",0,Point,1,,0.949999988079071,unplugged,"50,4",VlinderGR
375,2019-07-22T22:04:29Z,"4.361075218770989,52.010586261797705",0,Point,1,,0.949999988079071,unplugged,"50,4",VlinderGR
376,2019-07-22T22:04:30Z,"4.361031632874497,52.01059066229687",0,Point,1,,0.949999988079071,unplugged,"100,4",VlinderGR
377,2019-07-22T22:04:31Z,"4.360992992300877,52.01059196149186",0,Point,1,,0.949999988079071,unplugged,"100,4",VlinderGR
378,2019-07-22T22:04:32Z,"4.360957285393366,52.01059208722041",0,Point,1,,0.949999988079071,unplugged,"100,4",VlinderGR
379,2019-07-22T22:04:33Z,"4.360930547122249,52.01058609415964",0,Point,1,,0.949999988079071,unplugged,"100,4",VlinderGR
380,2019-07-22T22:04:34Z,"4.360908586535939,52.01057980773226",0,Point,1,,0.949999988079071,unplugged,"100,4",VlinderGR
381,2019-07-22T22:04:35Z,"4.360885955397376,52.010570671457806",0,Point,1,,0.949999988079071,unplugged,"100,4",VlinderGR
382,2019-07-22T22:04:36Z,"4.360863408077845,52.01056124181674",0,Point,1,,0.949999988079071,unplugged,"100,4",VlinderGR
383,2019-07-22T22:04:37Z,"4.360842118043788,52.010549842428425",0,Point,1,,0.949999988079071,unplugged,"100,4",VlinderGR
384,2019-07-22T22:04:39Z,"4.360821414742954,52.010547202128926",0,Point,1,,0.949999988079071,unplugged,"100,4",VlinderGR
385,2019-07-22T22:04:40Z,"4.360857959840783,52.01053291098402",0,Point,1,,0.949999988079071,unplugged,"100,4",VlinderGR
386,2019-07-22T22:04:41Z,"4.360418496657498,52.010583034764984",0,Point,1,,0.949999988079071,unplugged,"100,4",VlinderGR
387,2019-07-22T22:04:42Z,"4.360387148339637,52.010591626215735",0,Point,3,,0.949999988079071,unplugged,"100,4",VlinderGR
388,2019-07-22T22:04:43Z,"4.360686382282861,52.010568450253466",0,Point,3,,0.949999988079071,unplugged,"100,4",VlinderGR
389,2019-07-22T22:04:44Z,"4.360627289865501,52.01056555849687",0,Point,2,,0.949999988079071,unplugged,"50,4",VlinderGR
390,2019-07-22T22:04:45Z,"4.360591666777022,52.01056396593527",0,Point,2,,0.949999988079071,unplugged,"100,4",VlinderGR
391,2019-07-22T22:04:46Z,"4.360566772524603,52.01056580995397",0,Point,2,,0.949999988079071,unplugged,"100,4",VlinderGR
392,2019-07-22T22:04:47Z,"4.3605557084124165,52.01057343748585",0,Point,1,,0.949999988079071,unplugged,"100,4",VlinderGR
393,2019-07-22T22:04:48Z,"4.360545566309579,52.01058144220338",0,Point,1,,0.949999988079071,unplugged,"100,4",VlinderGR
394,2019-07-22T22:04:49Z,"4.3605345021973925,52.01058944692091",0,Point,1,,0.949999988079071,unplugged,"100,4",VlinderGR
395,2019-07-22T22:04:51Z,"4.3605122693798,52.01059368402228",0,Point,1,,0.949999988079071,unplugged,"200,10",VlinderGR
396,2019-07-22T22:04:53Z,"4.360494410603329,52.010596021123014",0,Point,1,,0.949999988079071,unplugged,"200,10",VlinderGR
397,2019-07-22T22:04:55Z,"4.3604791694861165,52.010609514690586",0,Point,1,,0.949999988079071,unplugged,"200,10",VlinderGR
398,2019-07-22T22:04:57Z,"4.360462775327791,52.01061775515259",0,Point,1,,0.949999988079071,unplugged,"200,10",VlinderGR
399,2019-07-22T22:04:59Z,"4.3604404509382695,52.01061333146819",0,Point,1,driving,0.949999988079071,unplugged,"200,10",VlinderGR
400,2019-07-22T22:05:00Z,"4.360429575281649,52.01060370013024",0,Point,1,driving,0.949999988079071,unplugged,"200,10",VlinderGR
401,2019-07-22T22:05:01Z,"4.3604190451882445,52.01058900863719",0,Point,1,driving,0.949999988079071,unplugged,"200,10",VlinderGR
402,2019-07-22T22:05:02Z,"4.360556465123035,52.01053642875232",0,Point,1,driving,0.949999988079071,unplugged,"200,10",VlinderGR
403,2019-07-22T22:05:03Z,"4.3606580492123,52.01049493480106",0,Point,1,driving,0.949999988079071,unplugged,"200,10",VlinderGR
404,2019-07-22T22:05:04Z,"4.3607299314463805,52.01046169425092",0,Point,1,driving,0.949999988079071,unplugged,"200,10",VlinderGR
405,2019-07-22T22:05:05Z,"4.360782848967652,52.01043515886719",0,Point,1,driving,0.949999988079071,unplugged,"200,10",VlinderGR
406,2019-07-22T22:05:06Z,"4.360824272993884,52.010413838678005",0,Point,2,driving,0.949999988079071,unplugged,"200,10",VlinderGR
407,2019-07-22T22:05:07Z,"4.360849935410155,52.01039822984391",0,Point,1,driving,0.949999988079071,unplugged,"200,10",VlinderGR
408,2019-07-22T22:05:08Z,"4.3608722751784414,52.01038320028103",0,Point,1,driving,0.949999988079071,unplugged,"200,10",VlinderGR
409,2019-07-22T22:05:09Z,"4.3608914629158955,52.01036843637886",0,Point,1,driving,0.949999988079071,unplugged,"200,10",VlinderGR
410,2019-07-22T22:05:10Z,"4.360908663735434,52.01036135700029",0,Point,1,driving,0.949999988079071,unplugged,"200,10",VlinderGR
411,2019-07-22T22:05:13Z,"4.360925905078065,52.01035988218907",0,Point,1,driving,0.949999988079071,unplugged,"200,10",VlinderGR
412,2019-07-22T22:05:16Z,"4.360941429439184,52.01036577030773",0,Point,0,driving,0.949999988079071,unplugged,"200,10",VlinderGR
413,2019-07-22T22:05:18Z,"4.360957695146748,52.01037171076605",0,Point,0,driving,0.949999988079071,unplugged,"200,10",VlinderGR
414,2019-07-22T22:05:20Z,"4.360973468588014,52.010377777641075",0,Point,0,driving,0.949999988079071,unplugged,"200,10",VlinderGR
415,2019-07-22T22:05:21Z,"4.360984262674481,52.01038689711909",0,Point,0,driving,0.949999988079071,unplugged,"200,10",VlinderGR
416,2019-07-22T22:05:22Z,"4.360999084537109,52.010399971349635",0,Point,1,driving,0.949999988079071,unplugged,"200,10",VlinderGR
417,2019-07-22T22:05:23Z,"4.361009545655451,52.010416303182694",0,Point,0,driving,0.949999988079071,unplugged,"200,10",VlinderGR
418,2019-07-22T22:05:24Z,"4.36101413502587,52.01043309606239",0,Point,0,driving,0.949999988079071,unplugged,"200,10",VlinderGR
419,2019-07-22T22:05:25Z,"4.361013340826329,52.010449148080404",0,Point,0,driving,0.949999988079071,unplugged,"200,10",VlinderGR
420,2019-07-22T22:05:26Z,"4.361008483810945,52.01046316074558",0,Point,0,driving,0.949999988079071,unplugged,"200,10",VlinderGR
421,2019-07-22T22:05:27Z,"4.36100315873884,52.0104767236414",0,Point,0,driving,0.949999988079071,unplugged,"200,10",VlinderGR
422,2019-07-22T22:05:28Z,"4.361000564828528,52.01049028224595",0,Point,0,driving,0.949999988079071,unplugged,"200,10",VlinderGR
423,2019-07-22T22:05:30Z,"4.3610220289769215,52.010504537405225",0,Point,0,driving,0.949999988079071,unplugged,"200,10",VlinderGR
424,2019-07-22T22:05:31Z,"4.361056030383933,52.01050774538976",0,Point,1,driving,0.949999988079071,unplugged,"200,10",VlinderGR
425,2019-07-22T22:05:32Z,"4.361092610205375,52.01050685581934",0,Point,1,driving,0.949999988079071,unplugged,"200,10",VlinderGR
426,2019-07-22T22:05:33Z,"4.361127014165158,52.010502359945164",0,Point,1,driving,0.949999988079071,unplugged,"200,10",VlinderGR
427,2019-07-22T22:05:34Z,"4.361159475650543,52.01049519224228",0,Point,1,driving,0.949999988079071,unplugged,"200,10",VlinderGR
428,2019-07-22T22:05:35Z,"4.361199116113902,52.01049043440422",0,Point,1,driving,0.949999988079071,unplugged,"200,10",VlinderGR
429,2019-07-22T22:05:36Z,"4.361241470374743,52.01048994577047",0,Point,1,driving,0.949999988079071,unplugged,"200,10",VlinderGR
430,2019-07-22T22:05:37Z,"4.361280101053303,52.01049847831204",0,Point,1,driving,0.949999988079071,unplugged,"200,10",VlinderGR
431,2019-07-22T22:05:38Z,"4.3613141605251,52.010511940077784",0,Point,1,driving,0.949999988079071,unplugged,"200,10",VlinderGR
432,2019-07-22T22:05:39Z,"4.361344279146631,52.010528164245706",0,Point,1,driving,0.949999988079071,unplugged,"200,10",VlinderGR
433,2019-07-22T22:05:40Z,"4.361370277007388,52.01054323886407",0,Point,1,driving,0.949999988079071,unplugged,"200,10",VlinderGR
434,2019-07-22T22:05:41Z,"4.3613931078812245,52.010557717838914",0,Point,1,driving,0.949999988079071,unplugged,"200,10",VlinderGR
435,2019-07-22T22:05:42Z,"4.3614099254017225,52.01057630185555",0,Point,1,driving,0.949999988079071,unplugged,"200,10",VlinderGR
436,2019-07-22T22:05:43Z,"4.361420883883346,52.01059653803431",0,Point,1,driving,0.949999988079071,unplugged,"200,10",VlinderGR
437,2019-07-22T22:05:44Z,"4.361426588848284,52.01061652211054",0,Point,1,driving,0.949999988079071,unplugged,"200,10",VlinderGR
438,2019-07-22T22:05:45Z,"4.361429528199788,52.01063677009797",0,Point,1,driving,0.949999988079071,unplugged,"200,10",VlinderGR
439,2019-07-22T22:05:46Z,"4.3614337688191425,52.01065306275103",0,Point,1,driving,0.949999988079071,unplugged,"200,10",VlinderGR
440,2019-07-22T22:05:47Z,"4.361442629792295,52.01067077832108",0,Point,1,driving,0.949999988079071,unplugged,"200,10",VlinderGR
441,2019-07-22T22:05:48Z,"4.361455453303814,52.010688583165425",0,Point,1,driving,0.949999988079071,unplugged,"200,10",VlinderGR
442,2019-07-22T22:05:49Z,"4.3614697922152805,52.01070512956425",0,Point,1,driving,0.949999988079071,unplugged,"200,10",VlinderGR
443,2019-07-22T22:05:50Z,"4.361480985733538,52.0107155665177",0,Point,1,driving,0.949999988079071,unplugged,"200,10",VlinderGR
444,2019-07-22T22:05:52Z,"4.361488934243276,52.010723150980844",0,Point,1,driving,0.949999988079071,unplugged,"200,10",VlinderGR
445,2019-07-22T22:05:53Z,"4.361407244980339,52.010703897310975",0,Point,0,driving,0.949999988079071,unplugged,"200,10",VlinderGR
446,2019-07-22T22:05:54Z,"4.361340799244312,52.01069008958068",0,Point,0,driving,0.949999988079071,unplugged,"200,10",VlinderGR
447,2019-07-22T22:05:55Z,"4.361268880947282,52.01057636995812",0,Point,0,driving,0.949999988079071,unplugged,"200,10",VlinderGR
448,2019-07-22T22:05:56Z,"4.36123830008013,52.01052168032785",0,Point,1,driving,0.949999988079071,unplugged,"200,10",VlinderGR
449,2019-07-22T22:05:57Z,"4.361217067140922,52.010478444464134",0,Point,1,driving,0.949999988079071,unplugged,"200,10",VlinderGR
450,2019-07-22T22:05:58Z,"4.361214960039052,52.01044000296409",0,Point,1,driving,0.949999988079071,unplugged,"200,10",VlinderGR
451,2019-07-22T22:05:59Z,"4.361223707610486,52.010405936440236",0,Point,1,driving,0.949999988079071,unplugged,"200,10",VlinderGR
452,2019-07-22T22:06:00Z,"4.36124006536816,52.010376881230876",0,Point,1,driving,0.949999988079071,unplugged,"200,10",VlinderGR
453,2019-07-22T22:06:01Z,"4.361260083104587,52.010352011133094",0,Point,1,driving,0.949999988079071,unplugged,"200,10",VlinderGR
454,2019-07-22T22:06:02Z,"4.361282290452957,52.01033045806726",0,Point,1,driving,0.949999988079071,unplugged,"200,10",VlinderGR
455,2019-07-22T22:06:03Z,"4.361304882217806,52.01031177138585",0,Point,1,driving,0.949999988079071,unplugged,"200,10",VlinderGR
456,2019-07-22T22:06:04Z,"4.361289972091474,52.01034456031906",0,Point,1,driving,0.949999988079071,unplugged,"200,10",VlinderGR
457,2019-07-22T22:06:05Z,"4.361278978671143,52.01037296848186",0,Point,0,driving,0.949999988079071,unplugged,"200,10",VlinderGR
458,2019-07-22T22:06:06Z,"4.361271295462798,52.01039512734809",0,Point,0,driving,0.949999988079071,unplugged,"200,10",VlinderGR
459,2019-07-22T22:06:07Z,"4.361267171189593,52.01041251832031",0,Point,0,driving,0.949999988079071,unplugged,"200,10",VlinderGR
460,2019-07-22T22:06:08Z,"4.361262049270999,52.0104253365968",0,Point,0,driving,0.949999988079071,unplugged,"200,10",VlinderGR
461,2019-07-22T22:06:09Z,"4.361260147695376,52.010435225349376",0,Point,0,driving,0.949999988079071,unplugged,"200,10",VlinderGR
462,2019-07-22T22:06:11Z,"4.3612626813783395,52.010445157079815",0,Point,0,driving,0.949999988079071,unplugged,"200,10",VlinderGR
463,2019-07-22T22:06:12Z,"4.3612722416627205,52.01045622626251",0,Point,1,driving,0.949999988079071,unplugged,"200,10",VlinderGR
464,2019-07-22T22:06:13Z,"4.361112532645091,52.010534418651424",0,Point,2,driving,0.949999988079071,unplugged,"200,10",VlinderGR
465,2019-07-22T22:06:14Z,"4.361009121676795,52.010596341099536",0,Point,2,driving,0.949999988079071,unplugged,"200,10",VlinderGR
466,2019-07-22T22:06:15Z,"4.3609436018806615,52.010643400232915",0,Point,2,driving,0.949999988079071,unplugged,"200,10",VlinderGR
467,2019-07-22T22:06:16Z,"4.360901459168238,52.01067606826195",0,Point,2,driving,0.949999988079071,unplugged,"200,10",VlinderGR
468,2019-07-22T22:06:17Z,"4.360874135846015,52.01070039299796",0,Point,2,driving,0.949999988079071,unplugged,"200,10",VlinderGR
469,2019-07-22T22:06:18Z,"4.360856077904649,52.01071860275227",0,Point,2,driving,0.949999988079071,unplugged,"200,10",VlinderGR
470,2019-07-22T22:06:19Z,"4.360847260917974,52.01073006331413",0,Point,2,driving,0.949999988079071,unplugged,"200,10",VlinderGR
471,2019-07-22T22:06:20Z,"4.360843762202798,52.010740592122886",0,Point,2,driving,0.949999988079071,unplugged,"200,10",VlinderGR
472,2019-07-22T22:06:21Z,"4.3608430145760195,52.01075037948817",0,Point,2,driving,0.949999988079071,unplugged,"200,10",VlinderGR
473,2019-07-22T22:06:22Z,"4.360844801168335,52.01076039548831",0,Point,2,driving,0.949999988079071,unplugged,"200,10",VlinderGR
474,2019-07-22T22:06:23Z,"4.360848299126006,52.01077044219248",0,Point,2,driving,0.949999988079071,unplugged,"200,10",VlinderGR
475,2019-07-22T22:06:24Z,"4.360851708834871,52.0107803951035",0,Point,2,driving,0.949999988079071,unplugged,"200,10",VlinderGR
476,2019-07-22T22:06:25Z,"4.360855367114857,52.01079217192291",0,Point,2,driving,0.949999988079071,unplugged,"200,10",VlinderGR
477,2019-07-22T22:06:26Z,"4.360860122881489,52.01080629020908",0,Point,2,driving,0.949999988079071,unplugged,"200,10",VlinderGR
478,2019-07-22T22:06:27Z,"4.360866565360997,52.010820907760895",0,Point,2,driving,0.949999988079071,unplugged,"200,10",VlinderGR
479,2019-07-22T22:06:28Z,"4.360872881013167,52.01083460857043",0,Point,2,driving,0.949999988079071,unplugged,"200,10",VlinderGR
480,2019-07-22T22:06:29Z,"4.360877548347038,52.010847663817515",0,Point,2,driving,0.949999988079071,unplugged,"200,10",VlinderGR
481,2019-07-22T22:06:30Z,"4.360878815531006,52.01086208364436",0,Point,2,driving,0.949999988079071,unplugged,"200,10",VlinderGR
482,2019-07-22T22:06:31Z,"4.360879932239444,52.01087630782198",0,Point,2,driving,0.949999988079071,unplugged,"200,10",VlinderGR
483,2019-07-22T22:06:32Z,"4.360882379438475,52.01089055166385",0,Point,2,driving,0.949999988079071,unplugged,"200,10",VlinderGR
484,2019-07-22T22:06:33Z,"4.360887157305307,52.010904585531556",0,Point,2,driving,0.949999988079071,unplugged,"200,10",VlinderGR
485,2019-07-22T22:06:34Z,"4.360894942074938,52.010918261049056",0,Point,2,driving,0.949999988079071,unplugged,"200,10",VlinderGR
486,2019-07-22T22:06:35Z,"4.36090543411402,52.01093125786201",0,Point,2,driving,0.949999988079071,unplugged,"200,10",VlinderGR
487,2019-07-22T22:06:36Z,"4.360945458261366,52.010936001886535",0,Point,1,driving,0.949999988079071,unplugged,"200,10",VlinderGR
488,2019-07-22T22:06:37Z,"4.360989796612628,52.01093530907022",0,Point,1,"driving,stationary",0.949999988079071,unplugged,"200,10",VlinderGR
489,2019-07-22T22:06:38Z,"4.36106540025927,52.01091066767047",0,Point,0,"driving,stationary",0.949999988079071,unplugged,"200,10",VlinderGR
490,2019-07-22T22:06:39Z,"4.361120941806008,52.010888234976925",0,Point,0,driving,0.949999988079071,unplugged,"200,10",VlinderGR
491,2019-07-22T22:06:40Z,"4.3611621013602795,52.01087288472244",0,Point,0,driving,0.949999988079071,unplugged,"200,10",VlinderGR
492,2019-07-22T22:06:41Z,"4.361186398582081,52.01086312366109",0,Point,0,driving,0.949999988079071,unplugged,"200,10",VlinderGR
493,2019-07-22T22:06:42Z,"4.361200546788003,52.010856896867864",0,Point,0,driving,0.949999988079071,unplugged,"200,10",VlinderGR
494,2019-07-22T22:06:44Z,"4.361204309610702,52.01084208601038",0,Point,0,driving,0.949999988079071,unplugged,"200,10",VlinderGR
495,2019-07-22T22:06:46Z,"4.361201008415151,52.01082640461208",0,Point,0,driving,0.949999988079071,unplugged,"200,10",VlinderGR
496,2019-07-22T22:06:47Z,"4.361199801534752,52.01081032876088",0,Point,1,driving,0.949999988079071,unplugged,"200,10",VlinderGR
497,2019-07-22T22:06:48Z,"4.361189292562704,52.01079069722096",0,Point,1,driving,0.949999988079071,unplugged,"200,10",VlinderGR
498,2019-07-22T22:06:49Z,"4.361174412293147,52.01077043076896",0,Point,1,driving,0.949999988079071,unplugged,"200,10",VlinderGR
499,2019-07-22T22:06:50Z,"4.361158725305225,52.01075219766666",0,Point,0,driving,0.949999988079071,unplugged,"200,10",VlinderGR
